{"cameraMode":{"drawMode":0,"name":"Shaded","section":"Shading Mode"},"sceneLighting":true,"audioPlay":true,"sceneViewState":{"m_AlwaysRefresh":false,"showFog":true,"showSkybox":true,"showFlares":true,"showImageEffects":true,"showParticleSystems":true,"showVisualEffectGraphs":true,"m_FxEnabled":true},"in2DMode":false,"pivot":{"x":0.1313280463218689,"y":0.5591409206390381,"z":-0.12684763967990876},"rotation":{"x":-0.36133283376693728,"y":-0.5911720991134644,"z":0.36072856187820437,"w":-0.6250660419464111},"size":0.3558018207550049,"orthographic":true}