{"cameraMode":{"drawMode":0,"name":"Shaded","section":"Shading Mode"},"sceneLighting":true,"audioPlay":false,"sceneViewState":{"m_AlwaysRefresh":false,"showFog":true,"showSkybox":true,"showFlares":true,"showImageEffects":true,"showParticleSystems":true,"showVisualEffectGraphs":true,"m_FxEnabled":true},"in2DMode":false,"pivot":{"x":-0.17921596765518189,"y":-0.05810648202896118,"z":-0.07176041603088379},"rotation":{"x":0.21010731160640717,"y":-0.7286128401756287,"z":0.25519701838493349,"w":0.5998781323432922},"size":0.5519004464149475,"orthographic":false}