{"cameraMode":{"drawMode":0,"name":"Shaded","section":"Shading Mode"},"sceneLighting":true,"audioPlay":true,"sceneViewState":{"m_AlwaysRefresh":false,"showFog":true,"showSkybox":true,"showFlares":true,"showImageEffects":true,"showParticleSystems":true,"showVisualEffectGraphs":true,"m_FxEnabled":true},"in2DMode":false,"pivot":{"x":0.4103546142578125,"y":-0.4777076244354248,"z":0.010773658752441407},"rotation":{"x":0.049929335713386539,"y":0.947484016418457,"z":-0.2564287483692169,"w":0.18448171019554139},"size":1.7212677001953126,"orthographic":false}