{"cameraMode":{"drawMode":0,"name":"Shaded","section":"Shading Mode"},"sceneLighting":true,"audioPlay":false,"sceneViewState":{"m_AlwaysRefresh":false,"showFog":true,"showSkybox":true,"showFlares":true,"showImageEffects":true,"showParticleSystems":true,"showVisualEffectGraphs":true,"m_FxEnabled":true},"in2DMode":false,"pivot":{"x":-0.10779562592506409,"y":0.1279129981994629,"z":-0.1959153264760971},"rotation":{"x":-0.13316261768341065,"y":0.6738013029098511,"z":-0.12532731890678407,"w":-0.7159315943717957},"size":0.2954288125038147,"orthographic":false}